VBELN,POSNR,FKDAT,KUNNR,NAME1,MATNR,ARKTX,CHARG,FKIMG,VRKME,NETPR,NETWR,WAERK,WERKS,LAND1
90041208,000010,02/26/2026,0000300147,Northgate E-Bike Co.,MAT-10004721,CELL 21700 NMC 5.0AH VX-2170,V21260209,1000,EA,3.95,3950.00,USD,MI01,US
90041209,000010,03/10/2026,0000300112,"Ridgeline Power Tools, Inc.",MAT-10004721,CELL 21700 NMC 5.0AH VX-2170,V21260209,2400,EA,3.85,9240.00,USD,MI01,US
90041210,000010,04/08/2026,0000300112,"Ridgeline Power Tools, Inc.",MAT-10004721,CELL 21700 NMC 5.0AH VX-2170,V21260209,1412,EA,3.85,5436.20,USD,MI01,US
90041210,000020,04/08/2026,0000300112,"Ridgeline Power Tools, Inc.",MAT-10004721,CELL 21700 NMC 5.0AH VX-2170,V21260309,1388,EA,3.85,5343.80,USD,MI01,US
90041211,000010,04/22/2026,0000300147,Northgate E-Bike Co.,MAT-10004721,CELL 21700 NMC 5.0AH VX-2170,V21260309,2000,EA,3.95,7900.00,USD,MI01,US
90041212,000010,05/12/2026,0000300112,"Ridgeline Power Tools, Inc.",MAT-10004721,CELL 21700 NMC 5.0AH VX-2170,V21260309,2486,EA,3.85,9571.10,USD,MI01,US
90041212,000020,05/12/2026,0000300112,"Ridgeline Power Tools, Inc.",MAT-10004721,CELL 21700 NMC 5.0AH VX-2170,V21260406,514,EA,3.85,1978.90,USD,MI01,US
90041213,000010,06/09/2026,0000300112,"Ridgeline Power Tools, Inc.",MAT-10004721,CELL 21700 NMC 5.0AH VX-2170,V21260406,3200,EA,3.85,12320.00,USD,MI01,US
90041214,000010,07/07/2026,0000300163,Granite Grid Storage LLC,MAT-10004755,CELL PRISM LFP 50AH VX-LFP50,LP5260608,1000,EA,58.00,58000.00,USD,MI01,US
90041215,000010,07/14/2026,0000300112,"Ridgeline Power Tools, Inc.",MAT-10004721,CELL 21700 NMC 5.0AH VX-2170,V21260406,2677,EA,3.85,10306.45,USD,MI01,US
90041215,000020,07/14/2026,0000300112,"Ridgeline Power Tools, Inc.",MAT-10004721,CELL 21700 NMC 5.0AH VX-2170,V21260526,723,EA,3.85,2783.55,USD,MI01,US
90041216,000010,07/28/2026,0000300147,Northgate E-Bike Co.,MAT-10004721,CELL 21700 NMC 5.0AH VX-2170,V21260526,2600,EA,3.95,10270.00,USD,MI01,US
90041217,000010,08/04/2026,0000300163,Granite Grid Storage LLC,MAT-10004755,CELL PRISM LFP 50AH VX-LFP50,LP5260608,146,EA,58.00,8468.00,USD,MI01,US
90041217,000020,08/04/2026,0000300163,Granite Grid Storage LLC,MAT-10004755,CELL PRISM LFP 50AH VX-LFP50,LP5260706,1154,EA,58.00,66932.00,USD,MI01,US
90041218,000010,08/11/2026,0000300112,"Ridgeline Power Tools, Inc.",MAT-10004721,CELL 21700 NMC 5.0AH VX-2170,V21260526,3300,EA,3.85,12705.00,USD,MI01,US
90041219,000010,09/01/2026,0000300163,Granite Grid Storage LLC,MAT-10004755,CELL PRISM LFP 50AH VX-LFP50,LP5260706,298,EA,58.00,17284.00,USD,MI01,US
90041219,000020,09/01/2026,0000300163,Granite Grid Storage LLC,MAT-10004755,CELL PRISM LFP 50AH VX-LFP50,LP5260803,1202,EA,58.00,69716.00,USD,MI01,US
90041220,000010,09/15/2026,0000300112,"Ridgeline Power Tools, Inc.",MAT-10004721,CELL 21700 NMC 5.0AH VX-2170,V21260526,245,EA,3.85,943.25,USD,MI01,US
90041220,000020,09/15/2026,0000300112,"Ridgeline Power Tools, Inc.",MAT-10004721,CELL 21700 NMC 5.0AH VX-2170,V21260706,3355,EA,3.85,12916.75,USD,MI01,US
90041221,000010,09/22/2026,0000300147,Northgate E-Bike Co.,MAT-10004721,CELL 21700 NMC 5.0AH VX-2170,V21260706,2200,EA,3.95,8690.00,USD,MI01,US
90041222,000010,10/06/2026,0000300163,Granite Grid Storage LLC,MAT-10004755,CELL PRISM LFP 50AH VX-LFP50,LP5260803,559,EA,58.00,32422.00,USD,MI01,US
90041222,000020,10/06/2026,0000300163,Granite Grid Storage LLC,MAT-10004755,CELL PRISM LFP 50AH VX-LFP50,LP5260908,1041,EA,58.00,60378.00,USD,MI01,US
90041223,000010,10/13/2026,0000300112,"Ridgeline Power Tools, Inc.",MAT-10004721,CELL 21700 NMC 5.0AH VX-2170,V21260706,595,EA,3.85,2290.75,USD,MI01,US
90041223,000020,10/13/2026,0000300112,"Ridgeline Power Tools, Inc.",MAT-10004721,CELL 21700 NMC 5.0AH VX-2170,V21260817,2905,EA,3.85,11184.25,USD,MI01,US
90041224,000010,10/27/2026,0000300147,Northgate E-Bike Co.,MAT-10004721,CELL 21700 NMC 5.0AH VX-2170,V21260817,3000,EA,3.95,11850.00,USD,MI01,US
90041225,000010,11/03/2026,0000300163,Granite Grid Storage LLC,MAT-10004755,CELL PRISM LFP 50AH VX-LFP50,LP5260908,917,EA,58.00,53186.00,USD,MI01,US
90041225,000020,11/03/2026,0000300163,Granite Grid Storage LLC,MAT-10004755,CELL PRISM LFP 50AH VX-LFP50,LP5261005,783,EA,58.00,45414.00,USD,MI01,US
90041226,000010,11/10/2026,0000300112,"Ridgeline Power Tools, Inc.",MAT-10004721,CELL 21700 NMC 5.0AH VX-2170,V21260817,1000,EA,3.85,3850.00,USD,MI01,US
90041226,000020,11/10/2026,0000300112,"Ridgeline Power Tools, Inc.",MAT-10004721,CELL 21700 NMC 5.0AH VX-2170,V21261005,2700,EA,3.85,10395.00,USD,MI01,US
90041233,000010,11/24/2026,0000300188,Circuit Loop Recycling LLC,MAT-10004759,VXLFP50 CELL B-GRADE,,140,EA,9.00,1260.00,USD,MI01,US
90041227,000010,12/01/2026,0000300163,Granite Grid Storage LLC,MAT-10004755,CELL PRISM LFP 50AH VX-LFP50,LP5261005,1189,EA,58.00,68962.00,USD,MI01,US
90041227,000020,12/01/2026,0000300163,Granite Grid Storage LLC,MAT-10004755,CELL PRISM LFP 50AH VX-LFP50,LP5261102,511,EA,58.00,29638.00,USD,MI01,US
90041228,000010,12/08/2026,0000300112,"Ridgeline Power Tools, Inc.",MAT-10004721,CELL 21700 NMC 5.0AH VX-2170,V21261005,3600,EA,3.85,13860.00,USD,MI01,US
90041229,000010,12/21/2026,0000300147,Northgate E-Bike Co.,MAT-10004721,CELL 21700 NMC 5.0AH VX-2170,V21261005,587,EA,3.95,2318.65,USD,MI01,US
90041229,000020,12/21/2026,0000300147,Northgate E-Bike Co.,MAT-10004721,CELL 21700 NMC 5.0AH VX-2170,V21261130,2613,EA,3.95,10321.35,USD,MI01,US
90041230,000010,12/29/2026,0000300163,Granite Grid Storage LLC,MAT-10004755,CELL PRISM LFP 50AH VX-LFP50,LP5261102,1200,EA,58.00,69600.00,USD,MI01,US
90041231,000010,01/08/2027,0000300163,Granite Grid Storage LLC,MAT-10004755,CELL PRISM LFP 50AH VX-LFP50,LP5261102,452,EA,58.00,26216.00,USD,MI01,US
90041231,000020,01/08/2027,0000300163,Granite Grid Storage LLC,MAT-10004755,CELL PRISM LFP 50AH VX-LFP50,LP5261201,1048,EA,58.00,60784.00,USD,MI01,US
90041232,000010,01/12/2027,0000300112,"Ridgeline Power Tools, Inc.",MAT-10004721,CELL 21700 NMC 5.0AH VX-2170,V21261130,3800,EA,3.85,14630.00,USD,MI01,US
