order_id,fg_lot_id,fg_lot_qty,component_material,component_lot,component_lot_received,qty_consumed,uom,posted_ts
MO-26-0101,V21260209,4812,MAT-30000102,GPC2602-001,2026-02-04,122.5000,KG,2026-02-20T22:15:00
MO-26-0101,V21260209,4812,MAT-30000205,KGC2602-001,2026-02-04,71.0000,KG,2026-02-20T22:15:00
MO-26-0101,V21260209,4812,MAT-30000411,TMB2602-001,2026-02-04,405.0000,M2,2026-02-20T22:15:00
MO-26-0101,V21260209,4812,MAT-30000520,NVE2602-001,2026-02-04,26.0000,KG,2026-02-20T22:15:00
MO-26-0101,V21260209,4812,MAT-30000610,LCS2602-001,2026-02-04,5000,EA,2026-02-20T22:15:00
MO-26-0114,V21260309,5874,MAT-30000102,GPC2602-001,2026-02-04,127.5000,KG,2026-03-20T22:15:00
MO-26-0114,V21260309,5874,MAT-30000102,GPC2603-002,2026-03-04,19.5000,KG,2026-03-20T22:15:00
MO-26-0114,V21260309,5874,MAT-30000205,KGC2602-001,2026-02-04,85.2000,KG,2026-03-20T22:15:00
MO-26-0114,V21260309,5874,MAT-30000411,TMB2602-001,2026-02-04,486.0000,M2,2026-03-20T22:15:00
MO-26-0114,V21260309,5874,MAT-30000520,NVE2603-002,2026-03-04,31.2000,KG,2026-03-20T22:15:00
MO-26-0114,V21260309,5874,MAT-30000610,LCS2602-001,2026-02-04,6000,EA,2026-03-20T22:15:00
MO-26-0132,V21260406,6391,MAT-30000102,GPC2603-002,2026-03-04,159.2500,KG,2026-04-17T22:15:00
MO-26-0132,V21260406,6391,MAT-30000205,KGC2602-001,2026-02-04,92.3000,KG,2026-04-17T22:15:00
MO-26-0132,V21260406,6391,MAT-30000411,TMB2602-001,2026-02-04,526.5000,M2,2026-04-17T22:15:00
MO-26-0132,V21260406,6391,MAT-30000520,NVE2604-003,2026-04-01,33.8000,KG,2026-04-17T22:15:00
MO-26-0132,V21260406,6391,MAT-30000610,LCS2602-001,2026-02-04,1000,EA,2026-04-17T22:15:00
MO-26-0132,V21260406,6391,MAT-30000610,LCS2604-002,2026-04-01,5500,EA,2026-04-17T22:15:00
MO-26-0157,V21260526,6868,MAT-30000102,GPC2603-002,2026-03-04,71.2500,KG,2026-06-12T22:15:00
MO-26-0157,V21260526,6868,MAT-30000102,GPC2605-003,2026-05-21,100.2500,KG,2026-06-12T22:15:00
MO-26-0157,V21260526,6868,MAT-30000205,KGC2602-001,2026-02-04,99.4000,KG,2026-06-12T22:15:00
MO-26-0157,V21260526,6868,MAT-30000411,TMB2602-001,2026-02-04,567.0000,M2,2026-06-12T22:15:00
MO-26-0157,V21260526,6868,MAT-30000520,NVE2605-004,2026-05-21,36.4000,KG,2026-06-12T22:15:00
MO-26-0157,V21260526,6868,MAT-30000610,LCS2604-002,2026-04-01,6500,EA,2026-06-12T22:15:00
MO-26-0157,V21260526,6868,MAT-30000610,LCS2605-003,2026-05-21,500,EA,2026-06-12T22:15:00
MO-26-0163,LP5260608,1146,MAT-30000108,PPM2606-001,2026-06-03,456.0000,KG,2026-06-19T22:15:00
MO-26-0163,LP5260608,1146,MAT-30000205,KGC2602-001,2026-02-04,152.1000,KG,2026-06-19T22:15:00
MO-26-0163,LP5260608,1146,MAT-30000205,KGC2606-002,2026-06-03,45.9000,KG,2026-06-19T22:15:00
MO-26-0163,LP5260608,1146,MAT-30000411,TMB2602-001,2026-02-04,515.5000,M2,2026-06-19T22:15:00
MO-26-0163,LP5260608,1146,MAT-30000411,TMB2606-002,2026-06-03,864.5000,M2,2026-06-19T22:15:00
MO-26-0163,LP5260608,1146,MAT-30000520,NVE2606-005,2026-06-03,168.0000,KG,2026-06-19T22:15:00
MO-26-0163,LP5260608,1146,MAT-30000655,LCP2606-001,2026-06-03,1200,EA,2026-06-19T22:15:00
MO-26-0171,V21260706,6150,MAT-30000102,GPC2605-003,2026-05-21,149.7500,KG,2026-07-17T22:15:00
MO-26-0171,V21260706,6150,MAT-30000102,GPC2607-004,2026-07-01,7.9810,KG,2026-07-17T22:15:00
MO-26-0171,V21260706,6150,MAT-30000205,KGC2606-002,2026-06-03,91.4196,KG,2026-07-17T22:15:00
MO-26-0171,V21260706,6150,MAT-30000415,ESC2607-001,2026-07-01,521.4780,M2,2026-07-17T22:15:00
MO-26-0171,V21260706,6150,MAT-30000520,NVE2607-006,2026-07-01,33.4776,KG,2026-07-17T22:15:00
MO-26-0171,V21260706,6150,MAT-30000610,LCS2605-003,2026-05-21,6438,EA,2026-07-17T22:15:00
MO-26-0172,LP5260706,1452,MAT-30000108,PPM2606-001,2026-06-03,544.0000,KG,2026-07-17T22:15:00
MO-26-0172,LP5260706,1452,MAT-30000108,PPM2607-002,2026-07-01,26.0000,KG,2026-07-17T22:15:00
MO-26-0172,LP5260706,1452,MAT-30000205,KGC2606-002,2026-06-03,247.5000,KG,2026-07-17T22:15:00
MO-26-0172,LP5260706,1452,MAT-30000411,TMB2606-002,2026-06-03,1635.5000,M2,2026-07-17T22:15:00
MO-26-0172,LP5260706,1452,MAT-30000411,TMB2607-003,2026-07-01,89.5000,M2,2026-07-17T22:15:00
MO-26-0172,LP5260706,1452,MAT-30000520,NVE2607-007,2026-07-01,210.0000,KG,2026-07-17T22:15:00
MO-26-0172,LP5260706,1452,MAT-30000655,LCP2606-001,2026-06-03,1500,EA,2026-07-17T22:15:00
MO-26-0188,LP5260803,1761,MAT-30000108,PPM2607-002,2026-07-01,684.0000,KG,2026-08-14T22:15:00
MO-26-0188,LP5260803,1761,MAT-30000205,KGC2606-002,2026-06-03,115.1804,KG,2026-08-14T22:15:00
MO-26-0188,LP5260803,1761,MAT-30000205,KGC2607-003,2026-07-29,181.8196,KG,2026-08-14T22:15:00
MO-26-0188,LP5260803,1761,MAT-30000411,TMB2607-003,2026-07-01,2070.0000,M2,2026-08-14T22:15:00
MO-26-0188,LP5260803,1761,MAT-30000520,NVE2607-008,2026-07-29,252.0000,KG,2026-08-14T22:15:00
MO-26-0188,LP5260803,1761,MAT-30000655,LCP2606-001,2026-06-03,300,EA,2026-08-14T22:15:00
MO-26-0188,LP5260803,1761,MAT-30000655,LCP2607-002,2026-07-29,1500,EA,2026-08-14T22:15:00
MO-26-0195,V21260817,6905,MAT-30000102,GPC2607-004,2026-07-01,171.5000,KG,2026-08-28T22:15:00
MO-26-0195,V21260817,6905,MAT-30000205,KGC2607-003,2026-07-29,99.4000,KG,2026-08-28T22:15:00
MO-26-0195,V21260817,6905,MAT-30000415,ESC2607-001,2026-07-01,567.0000,M2,2026-08-28T22:15:00
MO-26-0195,V21260817,6905,MAT-30000520,NVE2608-009,2026-08-12,36.4000,KG,2026-08-28T22:15:00
MO-26-0195,V21260817,6905,MAT-30000610,LCS2605-003,2026-05-21,5062,EA,2026-08-28T22:15:00
MO-26-0195,V21260817,6905,MAT-30000610,LCS2608-004,2026-08-12,1938,EA,2026-08-28T22:15:00
MO-26-0209,LP5260908,1958,MAT-30000108,PPM2607-002,2026-07-01,290.0000,KG,2026-09-18T22:15:00
MO-26-0209,LP5260908,1958,MAT-30000108,PPM2609-003,2026-09-03,470.0000,KG,2026-09-18T22:15:00
MO-26-0209,LP5260908,1958,MAT-30000205,KGC2607-003,2026-07-29,218.7804,KG,2026-09-18T22:15:00
MO-26-0209,LP5260908,1958,MAT-30000205,KGC2609-004,2026-09-03,111.2196,KG,2026-09-18T22:15:00
MO-26-0209,LP5260908,1958,MAT-30000411,TMB2607-003,2026-07-01,340.5000,M2,2026-09-18T22:15:00
MO-26-0209,LP5260908,1958,MAT-30000411,TMB2609-004,2026-09-03,1959.5000,M2,2026-09-18T22:15:00
MO-26-0209,LP5260908,1958,MAT-30000520,NVE2609-010,2026-09-03,280.0000,KG,2026-09-18T22:15:00
MO-26-0209,LP5260908,1958,MAT-30000655,LCP2607-002,2026-07-29,1500,EA,2026-09-18T22:15:00
MO-26-0209,LP5260908,1958,MAT-30000655,LCP2609-003,2026-09-03,500,EA,2026-09-18T22:15:00
MO-26-0221,V21261005,6887,MAT-30000102,GPC2607-004,2026-07-01,70.5190,KG,2026-10-16T22:15:00
MO-26-0221,V21261005,6887,MAT-30000102,GPC2609-005,2026-09-30,100.9810,KG,2026-10-16T22:15:00
MO-26-0221,V21261005,6887,MAT-30000205,KGC2609-004,2026-09-03,99.4000,KG,2026-10-16T22:15:00
MO-26-0221,V21261005,6887,MAT-30000415,ESC2607-001,2026-07-01,111.5220,M2,2026-10-16T22:15:00
MO-26-0221,V21261005,6887,MAT-30000415,ESC2609-002,2026-09-30,455.4780,M2,2026-10-16T22:15:00
MO-26-0221,V21261005,6887,MAT-30000520,NVE2609-011,2026-09-30,36.4000,KG,2026-10-16T22:15:00
MO-26-0221,V21261005,6887,MAT-30000610,LCS2608-004,2026-08-12,7000,EA,2026-10-16T22:15:00
MO-26-0222,LP5261005,1972,MAT-30000108,PPM2609-003,2026-09-03,530.0000,KG,2026-10-16T22:15:00
MO-26-0222,LP5261005,1972,MAT-30000108,PPM2609-004,2026-09-30,230.0000,KG,2026-10-16T22:15:00
MO-26-0222,LP5261005,1972,MAT-30000205,KGC2609-004,2026-09-03,289.3804,KG,2026-10-16T22:15:00
MO-26-0222,LP5261005,1972,MAT-30000205,KGC2609-005,2026-09-30,40.6196,KG,2026-10-16T22:15:00
MO-26-0222,LP5261005,1972,MAT-30000411,TMB2609-004,2026-09-03,540.5000,M2,2026-10-16T22:15:00
MO-26-0222,LP5261005,1972,MAT-30000411,TMB2609-005,2026-09-30,1759.5000,M2,2026-10-16T22:15:00
MO-26-0222,LP5261005,1972,MAT-30000520,NVE2609-012,2026-09-30,280.0000,KG,2026-10-16T22:15:00
MO-26-0222,LP5261005,1972,MAT-30000655,LCP2609-003,2026-09-03,2000,EA,2026-10-16T22:15:00
MO-26-0240,LP5261102,2163,MAT-30000108,PPM2609-004,2026-09-30,770.0000,KG,2026-11-13T22:15:00
MO-26-0240,LP5261102,2163,MAT-30000108,PPM2610-005,2026-10-28,66.0000,KG,2026-11-13T22:15:00
MO-26-0240,LP5261102,2163,MAT-30000205,KGC2609-005,2026-09-30,363.0000,KG,2026-11-13T22:15:00
MO-26-0240,LP5261102,2163,MAT-30000411,TMB2609-005,2026-09-30,740.5000,M2,2026-11-13T22:15:00
MO-26-0240,LP5261102,2163,MAT-30000411,TMB2610-006,2026-10-28,1789.5000,M2,2026-11-13T22:15:00
MO-26-0240,LP5261102,2163,MAT-30000520,NVE2610-013,2026-10-28,308.0000,KG,2026-11-13T22:15:00
MO-26-0240,LP5261102,2163,MAT-30000655,LCP2609-003,2026-09-03,500,EA,2026-11-13T22:15:00
MO-26-0240,LP5261102,2163,MAT-30000655,LCP2610-004,2026-10-28,1700,EA,2026-11-13T22:15:00
MO-26-0258,V21261130,7322,MAT-30000102,GPC2609-005,2026-09-30,149.0190,KG,2026-12-11T22:15:00
MO-26-0258,V21261130,7322,MAT-30000102,GPC2611-006,2026-11-25,34.7310,KG,2026-12-11T22:15:00
MO-26-0258,V21261130,7322,MAT-30000205,KGC2609-005,2026-09-30,96.3804,KG,2026-12-11T22:15:00
MO-26-0258,V21261130,7322,MAT-30000205,KGC2611-006,2026-11-25,10.1196,KG,2026-12-11T22:15:00
MO-26-0258,V21261130,7322,MAT-30000415,ESC2609-002,2026-09-30,607.5000,M2,2026-12-11T22:15:00
MO-26-0258,V21261130,7322,MAT-30000520,NVE2611-014,2026-11-25,39.0000,KG,2026-12-11T22:15:00
MO-26-0258,V21261130,7322,MAT-30000610,LCS2608-004,2026-08-12,3062,EA,2026-12-11T22:15:00
MO-26-0258,V21261130,7322,MAT-30000610,LCS2611-005,2026-11-25,4438,EA,2026-12-11T22:15:00
MO-26-0259,LP5261201,2040,MAT-30000108,PPM2610-005,2026-10-28,798.0000,KG,2026-12-11T22:15:00
MO-26-0259,LP5261201,2040,MAT-30000205,KGC2611-006,2026-11-25,346.5000,KG,2026-12-11T22:15:00
MO-26-0259,LP5261201,2040,MAT-30000411,TMB2610-006,2026-10-28,710.5000,M2,2026-12-11T22:15:00
MO-26-0259,LP5261201,2040,MAT-30000411,TMB2611-007,2026-11-26,1704.5000,M2,2026-12-11T22:15:00
MO-26-0259,LP5261201,2040,MAT-30000520,NVE2611-015,2026-11-26,294.0000,KG,2026-12-11T22:15:00
MO-26-0259,LP5261201,2040,MAT-30000655,LCP2610-004,2026-10-28,1300,EA,2026-12-11T22:15:00
MO-26-0259,LP5261201,2040,MAT-30000655,LCP2611-005,2026-11-26,800,EA,2026-12-11T22:15:00
