order_id,erp_order_ref,item_code,site,line,lot_id,start_ts,end_ts,qty_planned,qty_good,qty_scrap,uom,order_status
MO-26-0101,1000231,VX2170_R7,HOLLAND-01,CYL-01,V21260209,2026-02-09T06:00:00,2026-02-20T22:00:00,5000,4812,188,EA,CLOSED
MO-26-0114,1000248,VX2170_R7,HOLLAND-01,CYL-01,V21260309,2026-03-09T06:00:00,2026-03-20T22:00:00,6000,5874,126,EA,CLOSED
MO-26-0132,1000266,VX2170_R7,HOLLAND-01,CYL-01,V21260406,2026-04-06T06:00:00,2026-04-17T22:00:00,6500,6391,109,EA,CLOSED
MO-26-0157,1000290,VX2170_R7,HOLLAND-01,CYL-01,V21260526,2026-05-26T06:00:00,2026-06-12T22:00:00,7000,6868,132,EA,CLOSED
MO-26-0163,1000297,LFP50-PR-A,HOLLAND-01,PRS-01,LP5260608,2026-06-08T06:00:00,2026-06-19T22:00:00,1200,1146,54,EA,CLOSED
MO-26-0171,1000305,VX2170_R7,HOLLAND-01,CYL-01,V21260706,2026-07-06T06:00:00,2026-07-17T22:00:00,6500,6212,288,EA,CLOSED
MO-26-0172,1000306,LFP50-PR-A,HOLLAND-01,PRS-01,LP5260706,2026-07-06T06:00:00,2026-07-17T22:00:00,1500,1452,48,EA,CLOSED
MO-26-0188,1000322,LFP50-PR-A,HOLLAND-01,PRS-01,LP5260803,2026-08-03T06:00:00,2026-08-14T22:00:00,1800,1761,39,EA,CLOSED
MO-26-0195,1000330,VX2170_R7,HOLLAND-01,CYL-01,V21260817,2026-08-17T06:00:00,2026-08-28T22:00:00,7000,6905,95,EA,CLOSED
MO-26-0209,1000344,LFP50-PR-A,HOLLAND-01,PRS-01,LP5260908,2026-09-08T06:00:00,2026-09-18T22:00:00,2000,1958,42,EA,CLOSED
MO-26-0221,1000357,VX2170_R7,HOLLAND-01,CYL-01,V21261005,2026-10-05T06:00:00,2026-10-16T22:00:00,7000,6887,113,EA,CLOSED
MO-26-0222,1000358,LFP50-PR-A,HOLLAND-01,PRS-01,LP5261005,2026-10-05T06:00:00,2026-10-16T22:00:00,2000,1972,28,EA,CLOSED
MO-26-0240,1000375,LFP50-PR-A,HOLLAND-01,PRS-01,LP5261102,2026-11-02T06:00:00,2026-11-13T22:00:00,2200,2163,37,EA,CLOSED
MO-26-0258,1000391,VX2170_R7,HOLLAND-01,CYL-01,V21261130,2026-11-30T06:00:00,2026-12-11T22:00:00,7500,7322,178,EA,CLOSED
MO-26-0259,1000392,LFP50-PR-A,HOLLAND-01,PRS-01,LP5261201,2026-12-01T06:00:00,2026-12-11T22:00:00,2100,2040,60,EA,CLOSED
